smiles,LogLD
Cc1cc(O)cc(C)c1Cl,2.257169568925332
N#CC1OC1C#N,2.2747992634639034
