smiles,LogLD
COC1=CC=C(C=C1)[N+](=O)[O-],3.207687437027103
CCN(CC)CCCl,3.227258244353134
C=CC1CCC=CC1,3.243495374890838
N#CC1CCC=CC1,3.24570704794645
